id,title,company_name,location
2718722753,Data Analyst,Tesla,"Fremont, CA"
2751933219,Data Analyst III,Walmart,"Sunnyvale, CA"
2714056502,Data Analyst - TikTok US - Tech Services,TikTok,"Mountain View, CA"
2739427615,Data Analyst,Stanford University,"Stanford, CA"
2750176043,Business Data Analyst,Intuit,"Mountain View, CA"
2726826360,Data Analyst – Quality Systems & Data Science,Tesla,"Fremont, CA"
2748403826,"Data Analyst, Design Technology",Tesla,"Palo Alto, CA"
2708106292,Business Data Analyst,Intuit,"Mountain View, CA"
2756547585,Data Analyst,Collabera Inc.,"Mountain View, CA"
2738962176,Data Analyst,Stanford University School of Medicine,"Palo Alto, CA"
2760973932,Data Analyst,ICONMA,"Redwood City, CA"
2751778457,Data Analyst,HealthTap,"Mountain View, CA"
2740548101,Associate Data Analyst,Study.com,"Mountain View, CA"
2748401538,Staff Data Analyst - Product Analytics,Walmart,"Sunnyvale, CA"
2748486678,(USA) Staff Data Analyst,Walmart,"Sunnyvale, CA"
2750598330,Senior Data Analyst,Walmart,"Sunnyvale, CA"
2750538161,Data Analyst,TIMBER,"San Jose, CA"
2719347971,Data Analyst- Field Reliability,Tesla,"Palo Alto, CA"
2724457842,"Data Analyst, Manufacturing Quality",Tesla,"Fremont, CA"
2748136228,Data Analyst,Driven Brands Inc.,San Francisco Bay Area
2726821884,Data Analyst – Manufacturing Quality,Tesla,"Fremont, CA"
2750544897,Data Analyst,Barracuda,"Campbell, CA"
2737570850,Data Analyst,Stockpile,"Palo Alto, CA"
2723803345,Data Analyst,TripActions,"Palo Alto, CA"
2741559527,Data Analyst,Valdera,San Francisco Bay Area
2715155951,Data Analyst,Community Health Center Network,"San Leandro, CA"
2722235787,Data Analyst,cisco.com,"San Jose, CA"
2699268390,Consulting Data Analyst,Kaiser Permanente,"Santa Clara, CA"
2724923132,Consulting Data Analyst,Kaiser Permanente,"Santa Clara, CA"
2756457097,Data Analyst,Epic for Kids,"Redwood City, CA"
2733218195,Data Analyst,Social Media,"Menlo Park, CA"
2747793868,Data Analyst III - Cart and Checkout,Walmart,"Sunnyvale, CA"
2755655109,Data Analyst,Mackin Talent,"Sunnyvale, CA"
2726873102,Data Analyst,SmartNews,San Francisco Bay Area
2755845162,Data Analyst I,"Intelliswift Software, Inc.","Mountain View, CA"
2747799363,Senior Data Analyst,Walmart,"Sunnyvale, CA"
2724447819,"Data Analyst, User Growth - TikTok US - Tech Services",TikTok,"Mountain View, CA"
2723582022,Data Entry Analyst,Kelly,"Sunnyvale, CA"
2738101937,Senior Data Analyst,Walmart,"Sunnyvale, CA"
2751137965,Data Analyst - PD- Days - Concern: EAP,El Camino Health,"Mountain View, CA"
2708158739,Data Analyst,Momentive.ai,"San Mateo, CA"
2749790739,Data Analyst,KITE,San Francisco Bay Area
2754271879,Data Analyst,Mackin Talent,"Sunnyvale, CA"
2733722462,Data Analyst,January AI,"Menlo Park, CA"
2734420527,Data Analyst,"eHealth, Inc.","Santa Clara, CA"
2756463452,"Data Analyst, Data Science and Analytics",QuestBridge,"Palo Alto, CA"
2741579860,Data Analyst - Fixed Term (12 Months),Informatica,"Redwood City, CA"
2750609327,Data Analyst,Jerry,"Palo Alto, CA"
2746600610,Senior Data Analyst,Walmart,"Sunnyvale, CA"
2751748882,Data Analyst,ICONMA,"Mountain View, CA"
2702430372,Data Analyst - 0.8 - Days - Concern: EAP,El Camino Health,"Mountain View, CA"
2639287781,Data Analyst,"Plume Design, Inc","Palo Alto, CA"
2756453399,Data Analyst,Glooko,"Palo Alto, CA"
2721196432,Data Analyst,Enquero,"Milpitas, CA"
2754274836,Data Analyst,Mackin Talent,"Sunnyvale, CA"
2733260028,System Data Analyst,Wing,"Palo Alto, CA"
2730241527,Data Analyst,Modis,"San Jose, CA"
2730443168,Energy Data Analyst,Tesla,"San Jose, CA"
2487436104,Data Analyst,Power Integrations,"San Jose, CA"
2715113611,Data Analyst I,PRI Global,"Fremont, CA"
2748401567,(USA) Principal Data Analyst,Walmart,"Sunnyvale, CA"
2754274783,Data Analyst,Mackin Talent,"Menlo Park, CA"
2756452999,Data Analyst,BitGo,"Palo Alto, CA"
2746604224,(USA) Senior Data Analyst,Walmart,"Sunnyvale, CA"
2747015998,Data Analyst,ICONMA,"Mountain View, CA"
2694261805,Ecommerce Data Analyst,Albertsons Companies,"Pleasanton, CA"
2756038654,Data Analyst I,Dice,"Mountain View, CA"
2754275623,Data Analyst,Mackin Talent,"Sunnyvale, CA"
2725781396,Research Data Analyst,Stanford University,"Stanford, CA"
2754272834,Data Analyst,Mackin Talent,"Menlo Park, CA"
2737622647,Data Analyst,Apex Systems,"Palo Alto, CA"
2716541031,Rsch Data Analyst 1,Stanford University,"Stanford, CA"
2743922748,Data Analyst,Jobot,"San Leandro, CA"
2737622592,Data Analyst (Local or Remote),Point,"Palo Alto, CA"
2751904016,Data Analyst 2,Natera,"San Carlos, CA"
2714824386,Data Analyst,Intapp,"Palo Alto, CA"
2754278111,Data Analyst,Mackin Talent,"Menlo Park, CA"
2749266782,Data Analyst,"Yoh, A Day & Zimmermann Company","Mountain View, CA"
2746739949,Data Analyst,Global Pharma Tek,"Mountain View, CA"
2748115285,Data Analyst,Global Pharma Tek,"Mountain View, CA"
2756462061,Data Analyst,Avail Medsystems,"Santa Clara, CA"
2719081941,Data Analyst,"ISI-Dentsu of America, Inc.",San Francisco Bay Area
2755818483,Data Analyst/Junior Data Scientist (2022 Start),Charles River Associates,San Francisco Bay Area
2727853509,Data Analyst,Universal Audio,"Scotts Valley, CA"
2741140795,Data Analyst,Global Pharma Tek,"Mountain View, CA"
2742827593,DATA ANALYST,Spectraforce Technologies,"Redwood City, CA"
2754723857,Senior Data Analyst,Insight Global,"Sunnyvale, CA"
2742685569,Data Analyst,AgreeYa Solutions,"Redwood City, CA"
2755028918,Data Informatics Analyst,"Amick Brown - SAP, Cloud Technologies and Business Intelligence Staffing & Consulting","Sunnyvale, CA"
2646576454,Data Analyst,ICONMA,"Cupertino, CA"
2717067254,Rsch Data Analyst 1,Stanford University School of Medicine,"Palo Alto, CA"
2755075528,Sr .Data Analyst,Proiasys Inc,San Francisco Bay Area
2721967910,Data Analyst,Global Pharma Tek,"Mountain View, CA"
2593528716,Data Services Analyst,Albertsons Companies,"Pleasanton, CA"
2726590268,Data Analyst - Immunology,CellCarta,"Fremont, CA"
2746225518,Data/BI Analyst,Randstad USA,San Francisco Bay Area
2730441922,Research Data Analyst,Stanford University School of Medicine,"Palo Alto, CA"
2723177270,Junior Data Analyst,Staffigo,"San Jose, CA"
2716518859,"Data Analyst, Finance","Niantic, Inc.","Sunnyvale, CA"
2723624779,Data Analyst,Addison Group,"Redwood City, CA"
2742393244,Data Analyst,eTeam,"Sunnyvale, CA"
2761365365,Data Analyst,Dice,"Sunnyvale, CA"
2560804386,Data Analyst,E-Solutions,"San Jose, CA"
2673223371,Data Analyst - Routing,Booster,"San Mateo, CA"
2747718089,Data Analyst/Scientist,IMS Group,"Menlo Park, CA"
2734976082,Data Analyst,Dice,"Sunnyvale, CA"
2746680218,Claims Data Warehouse Analyst,Kaiser Permanente,"Pleasanton, CA"
2743366506,Data Analyst,Resource Logistics Inc.,"Menlo Park, CA"
2722953209,Staff Data Analyst,"eHealth, Inc.","Santa Clara County, CA"
2752290990,Data Analyst I,Dice,"Fremont, CA"
2486582146,Data Analyst,E-Solutions,"San Jose, CA"
2738193789,RESEARCH DATA ANALYST II,Employment Development Department,"Santa Clara, CA"
2747798480,Senior Data Analyst - Search and Personalization,Walmart,"Sunnyvale, CA"
2754271843,Data Analyst III,Mackin Talent,"Fremont, CA"
2746272794,Data Analyst,Dice,"Fremont, CA"
2725284989,Data Analyst,"Intelliswift Software, Inc.","San Jose, CA"
2745259404,Entry Level (Data Analyst/Data Scientist),SynergisticIT,"San Jose, CA"
2529956832,Lead Data Analyst (People),"Enjoy Technology, Inc.","Palo Alto, CA"
2727458290,Data Analyst,"Ursus, Inc.","Sunnyvale, CA"
2753721013,Senior Data Analyst,Cognizant,"San Jose, CA"
2743401227,Data Analyst,Diverse Lynx,"San Jose, CA"
2685230924,Data Analyst - Immunology,CellCarta Formerly Caprion,"Fremont, CA"
2743401245,Data Analyst,Diverse Lynx,"San Jose, CA"
2749618134,Data Analyst III,Russell Tobin,"Cupertino, CA"
2738199162,Product Data Analyst,Treez Inc.,San Francisco Bay Area
2741138998,Data Analyst,"Intelliswift Software, Inc.","San Jose, CA"
2745605142,Data Analyst - Advance Analytics,"Ursus, Inc.","Fremont, CA"
2750493851,Data Analyst III,Spectraforce Technologies,"Cupertino, CA"
2752297947,Data Analyst,Dice,"Sunnyvale, CA"
2615051790,Clinical Data Analyst - R (Contract),"GRAIL, Inc.","Menlo Park, CA"
2750777325,Data Analyst,Abacus Service Corporation,"Pleasanton, CA"
2754537329,Data Analyst,Dice,"Sunnyvale, CA"
2603652205,Senior Data Analyst (Operations),"Enjoy Technology, Inc.","Palo Alto, CA"
2742743811,Data Analyst,eTeam,"Palo Alto, CA"
2756504313,Data Analyst Engineer,Mendel.ai,"San Jose, CA"
2723025397,Data Analyst,Diverse Lynx,"Santa Clara, CA"
2752694472,Data Analyst,Dice,"Pleasanton, CA"
2746647538,Senior Data Analyst,NewsBreak,"Mountain View, CA"
2756005039,Data Analytics & Engineering - Data Analyst I Data Analyst I,PRI Global,"Fremont, CA"
2749529706,Data Analyst II,Dice,"Santa Clara, CA"
2716510637,Data Analytics Analyst,"DIVERSANT, LLC","Cupertino, CA"
2658407399,Data Analyst,eTeam,"Cupertino, CA"
2755226436,SQL Data Quality Analyst,"NetSource, Inc.","San Jose, CA"
2700853849,Data Ops Analyst,Feed Media Group,San Francisco Bay Area
2579843615,Senior Data Analyst,MyHealthTeams,San Francisco Bay Area
2694737469,"Data Analyst, Account Management",Booster,"San Mateo, CA"
2749500808,Data Analyst / Senior Data Analyst,BioSpace,"Redwood City, CA"
2745647256,"Lead Data Analyst, Self-Driving",Rivian,"Palo Alto, CA"
2743401464,Data Analyst,Diverse Lynx,"Sunnyvale, CA"
2743404116,Data Analyst,Diverse Lynx,"Sunnyvale, CA"
2732526238,Coforge Data Analyst,E-Solutions,"San Jose, CA"
2745654180,Marketplace Data Analyst,PubMatic,"Redwood City, CA"
2718521847,Data Analytics & Engineering - Data Analyst I Data Analyst I,PRI Global,"Fremont, CA"
2655789487,Data Analyst,eTeam,"Cupertino, CA"
2716731705,Data Analyst ( Data Conversion),Triune Infomatics Inc,"Redwood City, CA"
2743362785,Data Science Analyst,Resource Logistics Inc.,"Fremont, CA"
2721759280,Business Intelligence & Data Analyst,Sharethrough,"San Jose, CA"
2724451117,Senior Data Analyst,Harnham,San Francisco Bay Area
2715152293,Data Analyst (for Conversion),Genuent,"Redwood City, CA"
2755474912,SQL Data Quality Analyst,Dice,"San Jose, CA"
2685943729,Lead Data Analyst,VentureBeat,San Francisco Bay Area
2729560435,Data Informatics Analyst 1,"TalentBurst, an Inc 5000 company","Santa Clara, CA"
2749226139,Senior Data Analyst,Samsara,San Francisco Bay Area
2739427662,Research Data Support Analyst,Stanford University,"Stanford, CA"
2721739396,Research & Data Analyst,San Jose Downtown Association,"San Jose, CA"
2710713448,Senior Data Analyst,Vacatia,San Francisco Bay Area
2738010268,Senior Data Analyst,IntelliPro,"San Jose, CA"
2723304844,Senior Data Analyst,Media.Monks,"Mountain View, CA"
2736054064,Data Analyst Lead,Belong,"San Mateo, CA"
2760490438,Senior Data Analyst,brightwheel,San Francisco Bay Area
2725636817,Data Informatics Analyst 1 #: 21-14142,"TalentBurst, an Inc 5000 company","Sunnyvale, CA"
2731480422,Sr. Data Analyst,HashiCorp,"San Jose, CA"
2752302045,Data Analytics/Analyst,Dice,"Menlo Park, CA"
2738009910,Data Analyst/ Scientist,Matrix Precise,"Los Altos, CA"
2714791513,Data Analyst/Data Engineer,PRI Global,"Menlo Park, CA"
2744661393,Senior Data Analyst,Hippo Insurance,"Palo Alto, CA"
2740184510,Lead Data Analyst (US Remote),LeanTaaS,"Santa Clara, CA"
2752865139,Reporting Data Analyst II,HCA Healthcare,"Foster City, CA"
2706593212,Sr. Data Analyst-Product,Weee!,"Fremont, CA"
2750574710,Data Labeling Analyst,"Ursus, Inc.","Menlo Park, CA"
2750514986,Sr. Data Analyst - Finance,Egnyte,"Mountain View, CA"
2750520115,Sr. Data Analyst - Finance,Egnyte,"Mountain View, CA"
2745039557,Entry Level (Data Analyst/Data Scientist),Dice,"San Jose, CA"
2755456478,Senior Health Data Analyst,Nuna Inc.,San Francisco Bay Area
2725094026,Senior Data Analyst,"KellyMitchell Group, Inc","Foster City, CA"
2729174772,Data Analyst III,Russell Tobin,"Burlingame, CA"
2745235628,Data Management Analyst,Vista Outdoor Inc.,"Scotts Valley, CA"
2709253281,Data Analyst/QA,E-Solutions,"San Jose, CA"
2746182351,Data Analyst III #: 21-19099,"TalentBurst, an Inc 5000 company","Cupertino, CA"
2750776616,Data Analyst,Diverse Lynx,"Pleasanton, CA"
2730776455,Sr. Data Analyst,Ascent Services Group,"Pleasanton, CA"
2748402282,eCommerce Data Analyst,"Ursus, Inc.","Menlo Park, CA"
2755843433,Sr. Data Analyst (Hybrid),Stryker,"Fremont, CA"
2744526860,Clinical Data Analyst - R (Contract),BioSpace,"Menlo Park, CA"
2755845119,Sr. Data Analyst (Hybrid),Stryker,"San Jose, CA"
2621874936,Senior Data Analyst,"eHealth, Inc.","Santa Clara, CA"
2734427251,Senior Data Analyst,Punchh,"San Mateo, CA"
2717478136,Research Data Support Analyst,Stanford University School of Medicine,"Palo Alto, CA"
2753316520,Role : Data Analyst ---14106-1,Dice,"Burlingame, CA"
2752293699,Data Analyst III,Dice,"Cupertino, CA"
2428415247,RMA Data Analyst,Supermicro,"San Jose, CA"
2744117494,Senior Data Analyst,Enquero,"Milpitas, CA"
2739781469,Data Analyst with Tableau,Diverse Lynx,"San Jose, CA"
2744401333,Data Analyst with Tableau,Diverse Lynx,"San Jose, CA"
2718799193,"Sr. Data Analyst, Marketing",Weee!,"Fremont, CA"
2750478679,Sr Data Analyst,"Metasys Technologies, Inc.","San Jose, CA"
2743388814,Data Analyst /Data scientist,Diverse Lynx,"San Jose, CA"
2731752549,Business Data Analyst,E-Solutions,"San Jose, CA"
2756421033,Senior Data Analyst,Movoto,"San Mateo, CA"
2741539827,Data Analyst - SQL and ETL Design,"Ursus, Inc.","Menlo Park, CA"
2739803243,Equipment Data Analyst,Peterson Cat,"San Leandro, CA"
2738066773,Paid Media Data Analyst,"Pinnacle Group, Inc.","Sunnyvale, CA"
2753053869,Marketing Data Analyst,CRS Group,"Burlingame, CA"
